family,stream,layer_index,n_contrasts,projection_auc_mean,projection_auc_min,projection_auc_max,md_cav_cosine_mean,probe_accuracy_cv_mean,share_passing_thresholds
country,language,0,32,0.815404,0.734856,0.998516,0.717354,0.9995,1
country,language,1,32,0.916386,0.83331,0.991184,0.74311,0.999563,1
country,language,2,32,0.955717,0.857806,0.998184,0.825566,0.99975,1
country,language,3,32,0.960138,0.849044,0.99984,0.839184,0.999281,1
country,language,4,32,0.974787,0.889092,0.997868,0.872931,0.999375,1
country,language,5,32,0.98391,0.908172,0.99848,0.904211,0.999531,1
country,language,6,32,0.994862,0.968988,0.99998,0.935851,0.999719,1
country,language,7,32,0.996382,0.984024,0.999852,0.926249,0.999812,1
country,language,8,32,0.974417,0.961364,0.986784,0.633928,0.999688,1
country,language,9,32,0.969566,0.943524,0.985056,0.658868,0.99925,1
country,language,10,32,0.968085,0.92708,0.98922,0.642119,0.999469,1
country,language,11,32,0.96314,0.919228,0.987396,0.639386,0.999281,1
country,language,12,32,0.958472,0.913288,0.98432,0.645077,0.999344,1
country,language,13,32,0.9629,0.930428,0.985724,0.709724,0.999563,1
country,language,14,32,0.971273,0.944216,0.990472,0.736819,0.999375,1
country,language,15,32,0.961862,0.92382,0.989956,0.736786,0.9995,1
country,language,16,32,0.955461,0.930676,0.975352,0.684021,0.999688,1
country,language,17,32,0.944161,0.859268,0.97534,0.7162,0.9995,1
country,language,18,32,0.942988,0.862112,0.97704,0.763341,0.999031,1
country,language,19,32,0.947004,0.845928,0.981428,0.785957,0.998563,1
country,language,20,32,0.952902,0.8435,0.984268,0.830346,0.998125,1
country,language,21,32,0.956739,0.860224,0.986608,0.840965,0.998344,1
country,language,22,32,0.983159,0.957184,0.997912,0.912394,0.999656,1
country,language,23,32,0.995997,0.981984,1,0.952014,0.999812,1
country,language,24,32,0.997758,0.986016,1,0.965158,0.999781,1
country,language,25,32,0.975128,0.882008,1,0.921187,0.999563,1
country,language,26,32,0.991503,0.91756,1,0.957522,0.9995,1
country,language,27,32,0.996349,0.95818,1,0.969489,0.999688,1
country,language,28,32,0.990058,0.928636,1,0.956446,0.9995,1
country,language,29,32,0.956447,0.84262,0.99996,0.843517,0.999656,1
country,language,30,32,0.960784,0.832264,0.99992,0.851539,0.999469,1
country,language,31,32,0.959526,0.827376,0.99932,0.840577,0.999312,1
country,language,32,32,0.988504,0.944328,0.999872,0.909577,0.99925,1
country,language,33,32,0.980746,0.90778,0.999584,0.886667,0.999062,1
country,language,34,32,0.973494,0.879064,0.999132,0.871218,0.998969,1
country,language,35,32,0.951952,0.837584,0.997444,0.832783,0.999094,1
country,language,36,32,0.930343,0.787644,0.996784,0.804496,0.999219,1
country,language,37,32,0.938173,0.790208,0.997672,0.833701,0.9995,1
country,language,38,32,0.938015,0.789424,0.998508,0.825534,0.999594,1
country,language,39,32,0.91812,0.73676,0.996652,0.823555,0.999594,1
country,language,40,32,0.904744,0.714752,0.996084,0.814846,0.999625,1
country,language,41,32,0.89448,0.706184,0.995464,0.80764,0.999563,1
country,language,42,32,0.876971,0.694508,0.994716,0.797964,0.999625,1
country,language,43,32,0.862495,0.673124,0.993356,0.790503,0.999688,1
country,language,44,32,0.851789,0.657108,0.992292,0.786201,0.999719,1
country,language,45,32,0.84866,0.655764,0.9902,0.772579,0.999656,1
country,language,46,32,0.847817,0.6579,0.9949,0.781774,0.99975,1
country,language,47,32,0.654492,0.581764,0.766856,0.547487,0.999844,0.375
country,vision,0,32,0.501092,0.5,0.50864,0.0601027,0.111687,0
country,vision,1,32,0.501281,0.5,0.509076,0.0727666,0.104875,0
country,vision,2,32,0.501421,0.5,0.509444,0.0874236,0.1045,0
country,vision,3,32,0.501441,0.5,0.509604,0.099731,0.105062,0
country,vision,4,32,0.501492,0.5,0.50998,0.111096,0.105062,0
country,vision,5,32,0.501489,0.5,0.50966,0.116976,0.105,0
country,vision,6,32,0.501531,0.5,0.510164,0.122523,0.104562,0
country,vision,7,32,0.501588,0.5,0.510808,0.125277,0.104812,0
country,vision,8,32,0.501583,0.5,0.510816,0.129632,0.104625,0
country,vision,9,32,0.501601,0.5,0.511276,0.13158,0.105125,0
country,vision,10,32,0.501673,0.5,0.512124,0.137514,0.105125,0
country,vision,11,32,0.501637,0.5,0.511856,0.141272,0.105,0
country,vision,12,32,0.501604,0.5,0.512388,0.143255,0.104937,0
country,vision,13,32,0.501563,0.5,0.512148,0.143259,0.105,0
country,vision,14,32,0.50153,0.5,0.512176,0.13417,0.104875,0
country,vision,15,32,0.501556,0.5,0.512752,0.126048,0.104813,0
country,vision,16,32,0.5015,0.5,0.51246,0.116334,0.105062,0
country,vision,17,32,0.501436,0.5,0.511536,0.0983812,0.105062,0
country,vision,18,32,0.501396,0.5,0.511604,0.0766872,0.10475,0
country,vision,19,32,0.501407,0.5,0.512236,0.0663426,0.104875,0
country,vision,20,32,0.501325,0.5,0.512892,0.0444993,0.105375,0
country,vision,21,32,0.501322,0.5,0.512968,0.0406913,0.105312,0
country,vision,22,32,0.501355,0.5,0.513028,0.0420336,0.10475,0
country,vision,23,32,0.501372,0.5,0.513084,0.0431274,0.104625,0
country,vision,24,32,0.501355,0.5,0.513048,0.0409124,0.104625,0
country,vision,25,32,0.501355,0.5,0.513016,0.0407377,0.10475,0
country,vision,26,32,0.501359,0.5,0.513092,0.0382381,0.10475,0
country,vision,27,32,0.501366,0.5,0.5132,0.0372244,0.104687,0
country,vision,28,32,0.50136,0.5,0.513232,0.0375252,0.104687,0
country,vision,29,32,0.501394,0.5,0.513464,0.0344755,0.104812,0
country,vision,30,32,0.50147,0.5,0.513512,0.0359449,0.104812,0
country,vision,31,32,0.501577,0.5,0.513456,0.0285743,0.104812,0
country,vision,32,32,0.501294,0.5,0.51368,0.0257082,0.104812,0
country,vision,33,32,0.501416,0.5,0.512,0.0114608,0.10475,0
emotion_one_vs_rest,language,0,8,0.577125,0.532816,0.623476,0.439698,0.995437,0
emotion_one_vs_rest,language,1,8,0.608876,0.543696,0.668229,0.311627,0.986625,0.125
emotion_one_vs_rest,language,2,8,0.641303,0.567632,0.691824,0.405127,0.988625,0.375
emotion_one_vs_rest,language,3,8,0.635717,0.561785,0.694117,0.41115,0.983063,0.25
emotion_one_vs_rest,language,4,8,0.646287,0.576401,0.721891,0.431259,0.983563,0.25
emotion_one_vs_rest,language,5,8,0.651542,0.575713,0.734915,0.506178,0.987437,0.375
emotion_one_vs_rest,language,6,8,0.657897,0.571197,0.724868,0.540628,0.986688,0.625
emotion_one_vs_rest,language,7,8,0.657712,0.60295,0.727647,0.543932,0.984688,0.5
emotion_one_vs_rest,language,8,8,0.622298,0.587386,0.70908,0.412541,0.985688,0.25
emotion_one_vs_rest,language,9,8,0.630896,0.584809,0.720299,0.455619,0.989812,0.25
emotion_one_vs_rest,language,10,8,0.637878,0.598865,0.71603,0.46123,0.990063,0.25
emotion_one_vs_rest,language,11,8,0.634524,0.599222,0.719534,0.448316,0.989563,0.25
emotion_one_vs_rest,language,12,8,0.64716,0.602138,0.727426,0.473086,0.992063,0.375
emotion_one_vs_rest,language,13,8,0.683094,0.631046,0.755474,0.601635,0.9965,0.75
emotion_one_vs_rest,language,14,8,0.702451,0.644579,0.761112,0.631635,0.9975,0.75
emotion_one_vs_rest,language,15,8,0.760184,0.683577,0.82849,0.71262,0.9985,1
emotion_one_vs_rest,language,16,8,0.805682,0.737542,0.8833,0.774517,0.99975,1
emotion_one_vs_rest,language,17,8,0.827443,0.772584,0.894468,0.730684,0.999812,1
emotion_one_vs_rest,language,18,8,0.840584,0.764983,0.911152,0.734769,0.999688,1
emotion_one_vs_rest,language,19,8,0.855774,0.796838,0.923431,0.723007,0.999812,1
emotion_one_vs_rest,language,20,8,0.889978,0.847776,0.949566,0.745903,0.999812,1
emotion_one_vs_rest,language,21,8,0.904057,0.85177,0.95811,0.749945,0.999938,1
emotion_one_vs_rest,language,22,8,0.961204,0.903484,0.997357,0.798124,1,1
emotion_one_vs_rest,language,23,8,0.981097,0.923721,0.999993,0.845989,0.999938,1
emotion_one_vs_rest,language,24,8,0.976686,0.937567,0.999814,0.723877,0.999938,1
emotion_one_vs_rest,language,25,8,0.958407,0.913869,0.999995,0.683825,0.999938,1
emotion_one_vs_rest,language,26,8,0.941008,0.874708,0.998892,0.62371,1,1
emotion_one_vs_rest,language,27,8,0.948076,0.886218,0.993234,0.611829,0.999938,1
emotion_one_vs_rest,language,28,8,0.943257,0.897186,0.991729,0.593311,0.999938,1
emotion_one_vs_rest,language,29,8,0.937412,0.898831,0.990283,0.521307,1,1
emotion_one_vs_rest,language,30,8,0.941919,0.90498,0.993461,0.549429,1,1
emotion_one_vs_rest,language,31,8,0.934496,0.899576,0.99549,0.538108,1,1
emotion_one_vs_rest,language,32,8,0.947018,0.920296,0.989168,0.556068,1,1
emotion_one_vs_rest,language,33,8,0.935666,0.903922,0.983965,0.537686,1,1
emotion_one_vs_rest,language,34,8,0.924126,0.887657,0.979252,0.531421,1,1
emotion_one_vs_rest,language,35,8,0.912699,0.886913,0.957687,0.531884,1,1
emotion_one_vs_rest,language,36,8,0.898452,0.859093,0.950075,0.482753,1,1
emotion_one_vs_rest,language,37,8,0.893793,0.85358,0.94465,0.471232,1,1
emotion_one_vs_rest,language,38,8,0.891828,0.849845,0.938331,0.458361,1,1
emotion_one_vs_rest,language,39,8,0.879584,0.831353,0.927278,0.444398,1,1
emotion_one_vs_rest,language,40,8,0.878131,0.825621,0.921805,0.44038,0.999938,1
emotion_one_vs_rest,language,41,8,0.873031,0.819802,0.923226,0.429769,0.999938,1
emotion_one_vs_rest,language,42,8,0.863358,0.809511,0.912079,0.414724,0.999938,1
emotion_one_vs_rest,language,43,8,0.855477,0.804227,0.906262,0.399612,0.999875,1
emotion_one_vs_rest,language,44,8,0.850684,0.799965,0.906018,0.396258,0.999938,1
emotion_one_vs_rest,language,45,8,0.846716,0.794247,0.904194,0.391553,0.999938,1
emotion_one_vs_rest,language,46,8,0.847569,0.794344,0.906108,0.399585,0.999875,1
emotion_one_vs_rest,language,47,8,0.799238,0.712835,0.909738,0.290947,0.999875,1
emotion_one_vs_rest,vision,0,8,0.531382,0.530587,0.535506,0.108537,0.375062,0
emotion_one_vs_rest,vision,1,8,0.537439,0.536744,0.54185,0.135374,0.36975,0
emotion_one_vs_rest,vision,2,8,0.541279,0.540512,0.545717,0.149378,0.368562,0
emotion_one_vs_rest,vision,3,8,0.542574,0.541542,0.54787,0.175504,0.372812,0
emotion_one_vs_rest,vision,4,8,0.545226,0.544122,0.550134,0.202714,0.378937,0
emotion_one_vs_rest,vision,5,8,0.542901,0.541575,0.547746,0.23129,0.377437,0
emotion_one_vs_rest,vision,6,8,0.545148,0.544055,0.549537,0.239067,0.379875,0
emotion_one_vs_rest,vision,7,8,0.544314,0.543365,0.548325,0.248708,0.372562,0
emotion_one_vs_rest,vision,8,8,0.54712,0.546091,0.551516,0.254129,0.369812,0
emotion_one_vs_rest,vision,9,8,0.547685,0.546712,0.551689,0.255643,0.372125,0
emotion_one_vs_rest,vision,10,8,0.553125,0.552464,0.556762,0.262371,0.373625,0
emotion_one_vs_rest,vision,11,8,0.554474,0.553767,0.556445,0.263064,0.369063,0
emotion_one_vs_rest,vision,12,8,0.553098,0.55268,0.553841,0.253819,0.3705,0
emotion_one_vs_rest,vision,13,8,0.547404,0.547066,0.54765,0.257894,0.367,0
emotion_one_vs_rest,vision,14,8,0.547927,0.547548,0.548108,0.255706,0.365937,0
emotion_one_vs_rest,vision,15,8,0.548842,0.546708,0.549585,0.25073,0.364375,0
emotion_one_vs_rest,vision,16,8,0.546287,0.54431,0.547345,0.259936,0.37125,0
emotion_one_vs_rest,vision,17,8,0.545156,0.543091,0.546002,0.248799,0.373688,0
emotion_one_vs_rest,vision,18,8,0.543208,0.535443,0.545303,0.232191,0.3705,0
emotion_one_vs_rest,vision,19,8,0.541312,0.529757,0.545271,0.227385,0.374688,0
emotion_one_vs_rest,vision,20,8,0.527552,0.518132,0.533276,0.214338,0.365563,0
emotion_one_vs_rest,vision,21,8,0.521262,0.515028,0.525324,0.201873,0.369562,0
emotion_one_vs_rest,vision,22,8,0.518739,0.514654,0.521664,0.200356,0.375125,0
emotion_one_vs_rest,vision,23,8,0.518757,0.514779,0.521366,0.184215,0.370375,0
emotion_one_vs_rest,vision,24,8,0.518424,0.514285,0.52165,0.169323,0.371437,0
emotion_one_vs_rest,vision,25,8,0.518624,0.514292,0.521315,0.166232,0.369188,0
emotion_one_vs_rest,vision,26,8,0.518003,0.51445,0.519633,0.148012,0.363812,0
emotion_one_vs_rest,vision,27,8,0.51817,0.514347,0.519741,0.130156,0.367437,0
emotion_one_vs_rest,vision,28,8,0.517745,0.514361,0.519168,0.138069,0.368812,0
emotion_one_vs_rest,vision,29,8,0.517858,0.515495,0.520193,0.140109,0.367562,0
emotion_one_vs_rest,vision,30,8,0.518682,0.515707,0.520633,0.131943,0.368,0
emotion_one_vs_rest,vision,31,8,0.514447,0.513168,0.517216,0.103221,0.358063,0
emotion_one_vs_rest,vision,32,8,0.5153,0.51433,0.51636,0.0949873,0.354125,0
emotion_one_vs_rest,vision,33,8,0.514678,0.512745,0.517145,0.0534384,0.359187,0
emotion_vs_contentment,language,0,7,0.629336,0.578183,0.686037,0.601088,0.999286,0.285714
emotion_vs_contentment,language,1,7,0.69536,0.630764,0.733699,0.455567,0.998214,0.714286
emotion_vs_contentment,language,2,7,0.74034,0.660789,0.797924,0.608005,0.999143,1
emotion_vs_contentment,language,3,7,0.734227,0.668129,0.776958,0.603893,0.998286,1
emotion_vs_contentment,language,4,7,0.755678,0.67958,0.827783,0.650957,0.998714,1
emotion_vs_contentment,language,5,7,0.792863,0.700252,0.875604,0.712743,0.997857,1
emotion_vs_contentment,language,6,7,0.793009,0.706763,0.879066,0.743254,0.997786,1
emotion_vs_contentment,language,7,7,0.791222,0.701241,0.86313,0.746309,0.997929,1
emotion_vs_contentment,language,8,7,0.694058,0.641729,0.785792,0.550165,0.998143,0.714286
emotion_vs_contentment,language,9,7,0.725448,0.66705,0.804306,0.606384,0.999,1
emotion_vs_contentment,language,10,7,0.741386,0.678424,0.771367,0.625268,0.998929,1
emotion_vs_contentment,language,11,7,0.730237,0.683841,0.766698,0.618437,0.999071,1
emotion_vs_contentment,language,12,7,0.736627,0.684774,0.768257,0.628593,0.999143,1
emotion_vs_contentment,language,13,7,0.792567,0.732346,0.829921,0.759783,0.999643,1
emotion_vs_contentment,language,14,7,0.807242,0.751891,0.841579,0.775538,0.999714,1
emotion_vs_contentment,language,15,7,0.842009,0.797216,0.937078,0.799071,1,1
emotion_vs_contentment,language,16,7,0.858985,0.829189,0.920052,0.851342,1,1
emotion_vs_contentment,language,17,7,0.898971,0.84947,0.985764,0.862268,1,1
emotion_vs_contentment,language,18,7,0.922092,0.862142,0.981496,0.878132,0.999857,1
emotion_vs_contentment,language,19,7,0.942188,0.870252,0.992126,0.892456,1,1
emotion_vs_contentment,language,20,7,0.969766,0.934932,0.999654,0.910116,1,1
emotion_vs_contentment,language,21,7,0.985304,0.957351,0.99833,0.926304,1,1
emotion_vs_contentment,language,22,7,0.999732,0.999391,0.999991,0.961009,1,1
emotion_vs_contentment,language,23,7,1,0.999998,1,0.978369,1,1
emotion_vs_contentment,language,24,7,0.999988,0.999918,1,0.9772,0.999929,1
emotion_vs_contentment,language,25,7,0.999488,0.99719,1,0.967317,0.999929,1
emotion_vs_contentment,language,26,7,0.999473,0.997656,1,0.966105,0.999857,1
emotion_vs_contentment,language,27,7,0.999821,0.998795,1,0.958395,0.999929,1
emotion_vs_contentment,language,28,7,0.999899,0.999317,1,0.966443,0.999786,1
emotion_vs_contentment,language,29,7,0.991406,0.96796,1,0.853134,0.999929,1
emotion_vs_contentment,language,30,7,0.993926,0.96939,1,0.890041,0.999857,1
emotion_vs_contentment,language,31,7,0.994663,0.969872,1,0.891699,0.999857,1
emotion_vs_contentment,language,32,7,0.995146,0.97638,0.999949,0.922093,0.999714,1
emotion_vs_contentment,language,33,7,0.991406,0.967232,0.99963,0.897042,0.999714,1
emotion_vs_contentment,language,34,7,0.987335,0.968827,0.99961,0.876606,0.999786,1
emotion_vs_contentment,language,35,7,0.975211,0.939313,0.997811,0.786365,0.999929,1
emotion_vs_contentment,language,36,7,0.961034,0.933815,0.995581,0.733948,0.999929,1
emotion_vs_contentment,language,37,7,0.954687,0.922843,0.99341,0.711209,0.999929,1
emotion_vs_contentment,language,38,7,0.951105,0.91723,0.992523,0.664573,0.999929,1
emotion_vs_contentment,language,39,7,0.937963,0.913963,0.986038,0.597483,1,1
emotion_vs_contentment,language,40,7,0.932706,0.901337,0.985969,0.588385,1,1
emotion_vs_contentment,language,41,7,0.928175,0.897752,0.983775,0.583857,1,1
emotion_vs_contentment,language,42,7,0.915218,0.869411,0.974725,0.574149,1,1
emotion_vs_contentment,language,43,7,0.907004,0.859545,0.968475,0.55605,1,1
emotion_vs_contentment,language,44,7,0.902599,0.848748,0.963718,0.55075,1,1
emotion_vs_contentment,language,45,7,0.898876,0.838524,0.962988,0.559473,1,1
emotion_vs_contentment,language,46,7,0.900388,0.840778,0.958535,0.561265,1,1
emotion_vs_contentment,language,47,7,0.8214,0.72132,0.948141,0.421427,1,1
emotion_vs_contentment,vision,0,7,0.501643,0.501024,0.504675,0.181202,0.182929,0
emotion_vs_contentment,vision,1,7,0.501913,0.501276,0.504802,0.210335,0.1765,0
emotion_vs_contentment,vision,2,7,0.502125,0.501525,0.504868,0.248952,0.175714,0
emotion_vs_contentment,vision,3,7,0.502163,0.501611,0.504949,0.288037,0.175643,0
emotion_vs_contentment,vision,4,7,0.502257,0.501673,0.505269,0.317492,0.175643,0
emotion_vs_contentment,vision,5,7,0.502266,0.501695,0.505266,0.341382,0.175714,0
emotion_vs_contentment,vision,6,7,0.502315,0.501767,0.505485,0.368975,0.175429,0
emotion_vs_contentment,vision,7,7,0.502383,0.501773,0.505751,0.377794,0.175786,0
emotion_vs_contentment,vision,8,7,0.502392,0.501761,0.505685,0.387096,0.175857,0
emotion_vs_contentment,vision,9,7,0.502425,0.501689,0.505864,0.394311,0.176286,0
emotion_vs_contentment,vision,10,7,0.502487,0.501723,0.506006,0.412301,0.176214,0
emotion_vs_contentment,vision,11,7,0.502464,0.501641,0.505923,0.420628,0.175857,0
emotion_vs_contentment,vision,12,7,0.502446,0.501422,0.506187,0.425987,0.175643,0
emotion_vs_contentment,vision,13,7,0.502429,0.501349,0.506271,0.420431,0.175071,0
emotion_vs_contentment,vision,14,7,0.502362,0.501192,0.505837,0.388808,0.175714,0
emotion_vs_contentment,vision,15,7,0.502339,0.501085,0.505494,0.354724,0.175929,0
emotion_vs_contentment,vision,16,7,0.502234,0.501031,0.505221,0.321383,0.175571,0
emotion_vs_contentment,vision,17,7,0.502152,0.501016,0.504731,0.280019,0.175714,0
emotion_vs_contentment,vision,18,7,0.502031,0.500933,0.504407,0.210753,0.175929,0
emotion_vs_contentment,vision,19,7,0.502064,0.500831,0.504788,0.181685,0.176,0
emotion_vs_contentment,vision,20,7,0.501979,0.500368,0.504831,0.110155,0.175929,0
emotion_vs_contentment,vision,21,7,0.501981,0.50032,0.504808,0.0978982,0.176071,0
emotion_vs_contentment,vision,22,7,0.502003,0.500422,0.504813,0.0952613,0.176143,0
emotion_vs_contentment,vision,23,7,0.502022,0.500454,0.504837,0.0925476,0.175857,0
emotion_vs_contentment,vision,24,7,0.502005,0.500406,0.504817,0.0919037,0.176071,0
emotion_vs_contentment,vision,25,7,0.502009,0.500406,0.504791,0.0872568,0.176286,0
emotion_vs_contentment,vision,26,7,0.502015,0.500394,0.504805,0.0808307,0.175714,0
emotion_vs_contentment,vision,27,7,0.50203,0.500374,0.504857,0.0765023,0.175714,0
emotion_vs_contentment,vision,28,7,0.502035,0.500334,0.504883,0.0779178,0.175714,0
emotion_vs_contentment,vision,29,7,0.502062,0.50043,0.505081,0.0730209,0.176071,0
emotion_vs_contentment,vision,30,7,0.502079,0.500796,0.505218,0.0714154,0.176429,0
emotion_vs_contentment,vision,31,7,0.502128,0.501234,0.505113,0.057744,0.176714,0
emotion_vs_contentment,vision,32,7,0.501951,0.500128,0.505361,0.0503975,0.176929,0
emotion_vs_contentment,vision,33,7,0.501918,0.501198,0.504644,0.026212,0.177071,0
gender,language,0,24,0.727398,0.628796,0.969232,0.608588,0.997833,0.791667
gender,language,1,24,0.686114,0.59767,0.852384,0.591852,0.995042,0.5
gender,language,2,24,0.713812,0.618748,0.899632,0.649058,0.992208,0.5
gender,language,3,24,0.726728,0.601596,0.963876,0.702991,0.982833,0.5
gender,language,4,24,0.750629,0.614072,0.990224,0.721792,0.977625,0.666667
gender,language,5,24,0.747164,0.60907,0.991348,0.739332,0.965,0.666667
gender,language,6,24,0.739253,0.593908,0.99414,0.751484,0.94375,0.583333
gender,language,7,24,0.722957,0.582168,0.993496,0.750486,0.925583,0.291667
gender,language,8,24,0.72085,0.611276,0.937292,0.646105,0.921542,0.666667
gender,language,9,24,0.74286,0.599772,0.955384,0.581491,0.922583,0.875
gender,language,10,24,0.74883,0.582348,0.95744,0.595571,0.911667,0.958333
gender,language,11,24,0.73351,0.573008,0.9574,0.590363,0.901833,0.708333
gender,language,12,24,0.713807,0.567684,0.952576,0.583997,0.890333,0.458333
gender,language,13,24,0.728124,0.580564,0.956612,0.6363,0.881833,0.666667
gender,language,14,24,0.740086,0.580276,0.9636,0.645992,0.8875,0.791667
gender,language,15,24,0.74152,0.574436,0.964492,0.673254,0.901125,0.875
gender,language,16,24,0.72861,0.562932,0.94768,0.675336,0.900542,0.791667
gender,language,17,24,0.738437,0.570508,0.932836,0.684931,0.937083,0.833333
gender,language,18,24,0.766311,0.602188,0.926284,0.747727,0.976167,0.958333
gender,language,19,24,0.807043,0.63438,0.92748,0.808164,0.993708,0.958333
gender,language,20,24,0.893013,0.685576,0.961816,0.849095,0.996583,1
gender,language,21,24,0.92047,0.698424,0.986092,0.859573,0.997708,1
gender,language,22,24,0.953907,0.82884,0.992868,0.897305,0.999167,1
gender,language,23,24,0.995316,0.964288,0.999928,0.917242,0.999708,1
gender,language,24,24,0.997693,0.9871,0.999532,0.954733,0.99975,1
gender,language,25,24,0.958675,0.868476,0.999644,0.913685,0.999833,1
gender,language,26,24,0.964414,0.875308,0.998468,0.908565,0.999625,1
gender,language,27,24,0.995859,0.961332,0.999952,0.947523,0.999292,1
gender,language,28,24,0.990829,0.90976,0.999988,0.942742,0.9995,1
gender,language,29,24,0.999444,0.986796,1,0.983389,0.999958,1
gender,language,30,24,0.999629,0.996992,1,0.981998,0.999958,1
gender,language,31,24,0.998996,0.9949,1,0.971829,0.999833,1
gender,language,32,24,0.99798,0.986012,1,0.97222,0.999958,1
gender,language,33,24,0.980422,0.949704,0.999036,0.949702,1,1
gender,language,34,24,0.947531,0.877728,0.989132,0.926217,1,1
gender,language,35,24,0.886786,0.833376,0.946432,0.882136,0.999917,1
gender,language,36,24,0.828244,0.767492,0.893676,0.846834,0.999958,1
gender,language,37,24,0.808582,0.751382,0.878384,0.831454,0.999958,1
gender,language,38,24,0.783226,0.732344,0.844456,0.808766,0.999958,1
gender,language,39,24,0.738485,0.692676,0.816668,0.783282,0.999917,1
gender,language,40,24,0.724522,0.681192,0.810764,0.766009,0.999875,1
gender,language,41,24,0.705723,0.663096,0.779732,0.749143,0.999792,1
gender,language,42,24,0.690662,0.64446,0.76604,0.725859,0.999667,0.916667
gender,language,43,24,0.671658,0.632464,0.738556,0.694783,0.9995,0.791667
gender,language,44,24,0.658969,0.625012,0.726988,0.676659,0.999375,0.583333
gender,language,45,24,0.650918,0.613588,0.725752,0.659972,0.99925,0.375
gender,language,46,24,0.650414,0.613304,0.726176,0.657173,0.999458,0.375
gender,language,47,24,0.594213,0.55644,0.762328,0.431887,0.999208,0.0833333
gender,vision,0,24,0.500633,0.5,0.50864,0.0300125,0.111458,0
gender,vision,1,24,0.500722,0.5,0.509076,0.0354079,0.104458,0
gender,vision,2,24,0.500798,0.5,0.509444,0.0422737,0.104458,0
gender,vision,3,24,0.500815,0.5,0.509604,0.048884,0.104458,0
gender,vision,4,24,0.500845,0.5,0.50998,0.0548751,0.104583,0
gender,vision,5,24,0.500839,0.5,0.50966,0.05784,0.104625,0
gender,vision,6,24,0.500869,0.5,0.510164,0.0608916,0.10475,0
gender,vision,7,24,0.500902,0.5,0.510808,0.0628262,0.10475,0
gender,vision,8,24,0.500905,0.5,0.510816,0.064405,0.1045,0
gender,vision,9,24,0.500922,0.5,0.511276,0.0661461,0.104583,0
gender,vision,10,24,0.50097,0.5,0.512124,0.069178,0.104625,0
gender,vision,11,24,0.500952,0.5,0.511856,0.0712965,0.104583,0
gender,vision,12,24,0.500953,0.5,0.512388,0.0718076,0.104458,0
gender,vision,13,24,0.500933,0.5,0.512148,0.0714512,0.104417,0
gender,vision,14,24,0.500927,0.5,0.512176,0.0670831,0.104208,0
gender,vision,15,24,0.50095,0.5,0.512752,0.0616933,0.104375,0
gender,vision,16,24,0.500923,0.5,0.51246,0.0565026,0.104458,0
gender,vision,17,24,0.50088,0.5,0.511536,0.0482336,0.104458,0
gender,vision,18,24,0.500864,0.5,0.511604,0.0366023,0.1045,0
gender,vision,19,24,0.500881,0.5,0.512236,0.0313245,0.104458,0
gender,vision,20,24,0.500862,0.5,0.512892,0.0199614,0.104625,0
gender,vision,21,24,0.500864,0.5,0.512968,0.0182329,0.104625,0
gender,vision,22,24,0.500876,0.5,0.513028,0.0185856,0.104417,0
gender,vision,23,24,0.500882,0.5,0.513084,0.0188063,0.104583,0
gender,vision,24,24,0.500875,0.5,0.513048,0.0178099,0.104583,0
gender,vision,25,24,0.500875,0.5,0.513016,0.0174806,0.1045,0
gender,vision,26,24,0.500879,0.5,0.513092,0.0162428,0.1045,0
gender,vision,27,24,0.500883,0.5,0.5132,0.0159428,0.104542,0
gender,vision,28,24,0.500882,0.5,0.513232,0.0161464,0.104583,0
gender,vision,29,24,0.500896,0.5,0.513464,0.0147814,0.104417,0
gender,vision,30,24,0.500915,0.5,0.513512,0.0155884,0.104625,0
gender,vision,31,24,0.500948,0.5,0.513456,0.0127255,0.104667,0
gender,vision,32,24,0.500855,0.5,0.51368,0.0123442,0.104542,0
gender,vision,33,24,0.500866,0.5,0.512,0.00722417,0.104583,0
interestingness,language,0,9,0.728768,0.675043,0.866345,0.212098,0.929992,1
interestingness,language,1,9,0.769601,0.712295,0.89694,0.264491,0.911458,1
interestingness,language,2,9,0.785681,0.721183,0.897631,0.316017,0.924735,1
interestingness,language,3,9,0.886335,0.798404,0.927711,0.453871,0.961376,1
interestingness,language,4,9,0.863493,0.778038,0.915114,0.454816,0.955599,1
interestingness,language,5,9,0.860512,0.773062,0.914194,0.465813,0.954689,1
interestingness,language,6,9,0.900059,0.805322,0.941997,0.472675,0.963996,1
interestingness,language,7,9,0.926113,0.832465,0.966437,0.492585,0.965611,1
interestingness,language,8,9,0.929248,0.839694,0.979992,0.491881,0.962186,1
interestingness,language,9,9,0.911554,0.827526,0.953181,0.485161,0.961728,1
interestingness,language,10,9,0.909259,0.826485,0.959184,0.476989,0.963313,1
interestingness,language,11,9,0.912231,0.827396,0.960584,0.476031,0.960135,1
interestingness,language,12,9,0.903429,0.820984,0.955182,0.466086,0.956518,1
interestingness,language,13,9,0.932825,0.843637,0.97379,0.508865,0.964437,1
interestingness,language,14,9,0.934598,0.844272,0.97459,0.507666,0.962354,1
interestingness,language,15,9,0.938594,0.850577,0.977191,0.51765,0.968021,1
interestingness,language,16,9,0.934668,0.851742,0.970988,0.49619,0.966612,1
interestingness,language,17,9,0.936955,0.863451,0.97399,0.506448,0.970174,1
interestingness,language,18,9,0.933413,0.864868,0.977191,0.495394,0.962385,1
interestingness,language,19,9,0.925277,0.857605,0.971789,0.484994,0.958419,1
interestingness,language,20,9,0.924867,0.861041,0.97419,0.506954,0.96615,1
interestingness,language,21,9,0.927606,0.869647,0.971589,0.508755,0.96705,1
interestingness,language,22,9,0.944306,0.909447,0.976391,0.530156,0.973061,1
interestingness,language,23,9,0.956671,0.933294,0.981593,0.579429,0.977876,1
interestingness,language,24,9,0.984455,0.971074,0.995798,0.667036,0.990485,1
interestingness,language,25,9,0.981468,0.964113,0.994798,0.63818,0.990789,1
interestingness,language,26,9,0.995718,0.990568,0.999484,0.699797,0.994863,1
interestingness,language,27,9,0.998479,0.992926,1,0.737205,0.99645,1
interestingness,language,28,9,0.997875,0.993612,1,0.74248,0.997889,1
interestingness,language,29,9,0.999338,0.99424,1,0.815999,0.999278,1
interestingness,language,30,9,0.999788,0.998095,1,0.83661,0.998611,1
interestingness,language,31,9,0.99996,0.999643,1,0.8071,0.999278,1
interestingness,language,32,9,0.999998,0.999985,1,0.841325,0.999972,1
interestingness,language,33,9,1,1,1,0.860335,1,1
interestingness,language,34,9,1,1,1,0.855218,1,1
interestingness,language,35,9,1,1,1,0.868613,1,1
interestingness,language,36,9,1,1,1,0.857191,1,1
interestingness,language,37,9,1,1,1,0.865901,1,1
interestingness,language,38,9,1,1,1,0.856764,1,1
interestingness,language,39,9,1,1,1,0.850618,1,1
interestingness,language,40,9,1,1,1,0.867476,1,1
interestingness,language,41,9,1,1,1,0.82762,1,1
interestingness,language,42,9,1,1,1,0.872172,1,1
interestingness,language,43,9,1,1,1,0.866269,1,1
interestingness,language,44,9,1,1,1,0.883964,1,1
interestingness,language,45,9,1,1,1,0.864831,1,1
interestingness,language,46,9,1,1,1,0.854198,1,1
interestingness,language,47,9,0.999871,0.99917,1,0.636139,0.999972,1
interestingness,vision,0,9,0.750238,0.673961,0.777281,0.312453,0.70429,0.888889
interestingness,vision,1,9,0.777379,0.69249,0.824707,0.386847,0.710063,0.888889
interestingness,vision,2,9,0.790317,0.705319,0.857143,0.440089,0.710869,0.666667
interestingness,vision,3,9,0.800138,0.71321,0.879687,0.484185,0.726969,0.888889
interestingness,vision,4,9,0.804971,0.713184,0.889579,0.512687,0.730797,1
interestingness,vision,5,9,0.788953,0.702578,0.880377,0.526924,0.726439,0.777778
interestingness,vision,6,9,0.798343,0.7095,0.891649,0.542878,0.735957,0.777778
interestingness,vision,7,9,0.796551,0.70714,0.886358,0.551442,0.726788,0.777778
interestingness,vision,8,9,0.796898,0.705927,0.891879,0.56065,0.727023,0.888889
interestingness,vision,9,9,0.798617,0.708425,0.888659,0.567166,0.746464,1
interestingness,vision,10,9,0.814597,0.729666,0.898551,0.548793,0.757493,1
interestingness,vision,11,9,0.822929,0.735187,0.899701,0.558649,0.764524,1
interestingness,vision,12,9,0.827442,0.740351,0.908213,0.571229,0.786568,1
interestingness,vision,13,9,0.833387,0.748428,0.919485,0.548986,0.77541,1
interestingness,vision,14,9,0.839802,0.755762,0.919255,0.546855,0.771698,1
interestingness,vision,15,9,0.842021,0.764394,0.919485,0.546525,0.786898,1
interestingness,vision,16,9,0.847942,0.773751,0.916034,0.532863,0.795799,1
interestingness,vision,17,9,0.841847,0.776714,0.915804,0.510148,0.794053,1
interestingness,vision,18,9,0.855121,0.796851,0.908443,0.501525,0.838122,1
interestingness,vision,19,9,0.829335,0.751709,0.868645,0.478158,0.833338,1
interestingness,vision,20,9,0.775775,0.700021,0.830247,0.379702,0.833976,1
interestingness,vision,21,9,0.749292,0.682787,0.830247,0.342058,0.838138,1
interestingness,vision,22,9,0.746995,0.68824,0.812009,0.313557,0.846812,1
interestingness,vision,23,9,0.74344,0.690225,0.799383,0.3101,0.839313,1
interestingness,vision,24,9,0.742478,0.689645,0.795491,0.29316,0.838573,1
interestingness,vision,25,9,0.745612,0.695791,0.805613,0.2848,0.836808,1
interestingness,vision,26,9,0.741662,0.699074,0.804233,0.272576,0.84348,1
interestingness,vision,27,9,0.742376,0.694552,0.806303,0.27558,0.847392,1
interestingness,vision,28,9,0.744819,0.693256,0.810214,0.272652,0.844393,1
interestingness,vision,29,9,0.752381,0.691662,0.818726,0.271457,0.854985,1
interestingness,vision,30,9,0.753277,0.687648,0.812284,0.274071,0.856883,1
interestingness,vision,31,9,0.738154,0.707573,0.821256,0.219094,0.83364,1
interestingness,vision,32,9,0.754297,0.717982,0.824707,0.229304,0.846933,1
interestingness,vision,33,9,0.73355,0.684165,0.836209,0.205309,0.842621,1
mental_workload,language,0,1,0.797448,0.797448,0.797448,0.796968,0.999,1
mental_workload,language,1,1,0.80158,0.80158,0.80158,0.810032,0.999,1
mental_workload,language,2,1,0.81792,0.81792,0.81792,0.805477,0.998,1
mental_workload,language,3,1,0.740162,0.740162,0.740162,0.77034,0.996,1
mental_workload,language,4,1,0.751368,0.751368,0.751368,0.750541,0.997,1
mental_workload,language,5,1,0.761512,0.761512,0.761512,0.753602,0.991,1
mental_workload,language,6,1,0.780068,0.780068,0.780068,0.77206,0.983,1
mental_workload,language,7,1,0.784956,0.784956,0.784956,0.792499,0.982,1
mental_workload,language,8,1,0.715016,0.715016,0.715016,0.783837,0.987,1
mental_workload,language,9,1,0.621996,0.621996,0.621996,0.553965,0.987,0
mental_workload,language,10,1,0.61324,0.61324,0.61324,0.598404,0.985,0
mental_workload,language,11,1,0.606774,0.606774,0.606774,0.59335,0.982,0
mental_workload,language,12,1,0.637044,0.637044,0.637044,0.649175,0.989,0
mental_workload,language,13,1,0.762404,0.762404,0.762404,0.837738,0.995,1
mental_workload,language,14,1,0.781412,0.781412,0.781412,0.82732,0.994,1
mental_workload,language,15,1,0.808204,0.808204,0.808204,0.822374,0.996,1
mental_workload,language,16,1,0.85762,0.85762,0.85762,0.849666,0.998,1
mental_workload,language,17,1,0.93246,0.93246,0.93246,0.869604,0.999,1
mental_workload,language,18,1,0.953888,0.953888,0.953888,0.848801,0.999,1
mental_workload,language,19,1,0.912732,0.912732,0.912732,0.828169,1,1
mental_workload,language,20,1,0.9327,0.9327,0.9327,0.855866,1,1
mental_workload,language,21,1,0.944924,0.944924,0.944924,0.904362,0.999,1
mental_workload,language,22,1,0.988748,0.988748,0.988748,0.949066,1,1
mental_workload,language,23,1,0.9996,0.9996,0.9996,0.970609,1,1
mental_workload,language,24,1,1,1,1,0.980905,1,1
mental_workload,language,25,1,0.999964,0.999964,0.999964,0.96991,1,1
mental_workload,language,26,1,1,1,1,0.97724,1,1
mental_workload,language,27,1,1,1,1,0.970771,1,1
mental_workload,language,28,1,1,1,1,0.974263,1,1
mental_workload,language,29,1,1,1,1,0.978699,1,1
mental_workload,language,30,1,1,1,1,0.977824,1,1
mental_workload,language,31,1,1,1,1,0.974004,0.999,1
mental_workload,language,32,1,1,1,1,0.970283,1,1
mental_workload,language,33,1,1,1,1,0.96583,0.999,1
mental_workload,language,34,1,0.999872,0.999872,0.999872,0.961013,0.999,1
mental_workload,language,35,1,0.997988,0.997988,0.997988,0.944662,0.998,1
mental_workload,language,36,1,0.991028,0.991028,0.991028,0.923684,0.998,1
mental_workload,language,37,1,0.985276,0.985276,0.985276,0.909573,0.998,1
mental_workload,language,38,1,0.985356,0.985356,0.985356,0.907714,0.998,1
mental_workload,language,39,1,0.971136,0.971136,0.971136,0.885937,0.999,1
mental_workload,language,40,1,0.963452,0.963452,0.963452,0.876549,0.998,1
mental_workload,language,41,1,0.952012,0.952012,0.952012,0.868068,1,1
mental_workload,language,42,1,0.925316,0.925316,0.925316,0.713809,1,1
mental_workload,language,43,1,0.90982,0.90982,0.90982,0.681671,0.999,1
mental_workload,language,44,1,0.898584,0.898584,0.898584,0.714392,1,1
mental_workload,language,45,1,0.8843,0.8843,0.8843,0.705122,1,1
mental_workload,language,46,1,0.88128,0.88128,0.88128,0.699751,1,1
mental_workload,language,47,1,0.7725,0.7725,0.7725,0.315667,1,1
mental_workload,vision,0,1,0.5,0.5,0.5,0,0.111,0
mental_workload,vision,1,1,0.5,0.5,0.5,0,0.104,0
mental_workload,vision,2,1,0.5,0.5,0.5,0,0.104,0
mental_workload,vision,3,1,0.5,0.5,0.5,0,0.104,0
mental_workload,vision,4,1,0.5,0.5,0.5,0,0.104,0
mental_workload,vision,5,1,0.5,0.5,0.5,0,0.104,0
mental_workload,vision,6,1,0.5,0.5,0.5,0,0.104,0
mental_workload,vision,7,1,0.5,0.5,0.5,0,0.104,0
mental_workload,vision,8,1,0.5,0.5,0.5,0,0.104,0
mental_workload,vision,9,1,0.5,0.5,0.5,0,0.104,0
mental_workload,vision,10,1,0.5,0.5,0.5,0,0.104,0
mental_workload,vision,11,1,0.5,0.5,0.5,0,0.104,0
mental_workload,vision,12,1,0.5,0.5,0.5,0,0.104,0
mental_workload,vision,13,1,0.5,0.5,0.5,0,0.104,0
mental_workload,vision,14,1,0.5,0.5,0.5,0,0.104,0
mental_workload,vision,15,1,0.5,0.5,0.5,0,0.104,0
mental_workload,vision,16,1,0.5,0.5,0.5,0,0.104,0
mental_workload,vision,17,1,0.5,0.5,0.5,0,0.104,0
mental_workload,vision,18,1,0.5,0.5,0.5,0,0.104,0
mental_workload,vision,19,1,0.5,0.5,0.5,0,0.104,0
mental_workload,vision,20,1,0.5,0.5,0.5,0,0.104,0
mental_workload,vision,21,1,0.5,0.5,0.5,0,0.104,0
mental_workload,vision,22,1,0.5,0.5,0.5,0,0.104,0
mental_workload,vision,23,1,0.5,0.5,0.5,0,0.104,0
mental_workload,vision,24,1,0.5,0.5,0.5,0,0.104,0
mental_workload,vision,25,1,0.5,0.5,0.5,0,0.104,0
mental_workload,vision,26,1,0.5,0.5,0.5,0,0.104,0
mental_workload,vision,27,1,0.5,0.5,0.5,0,0.104,0
mental_workload,vision,28,1,0.5,0.5,0.5,0,0.104,0
mental_workload,vision,29,1,0.5,0.5,0.5,0,0.104,0
mental_workload,vision,30,1,0.5,0.5,0.5,0,0.104,0
mental_workload,vision,31,1,0.5,0.5,0.5,0,0.104,0
mental_workload,vision,32,1,0.5,0.5,0.5,0,0.104,0
mental_workload,vision,33,1,0.5,0.5,0.5,0,0.104,0
