stream,layer_index,layer_key,gender_matched,gender_mismatched,gender_gap,emotion_matched,emotion_mismatched,emotion_gap,country_matched,country_mismatched,country_gap,blank_cos_gender,blank_cos_emotion,blank_cos_country
language,20,language_20_D5120,0.128,0.12,0.008,0.145,0.105,0.039,0.071,0.109,-0.038,0.194,0.074,0.153
language,21,language_21_D5120,0.118,0.108,0.01,0.167,0.113,0.054,0.061,0.107,-0.046,0.19,0.089,0.166
language,22,language_22_D5120,0.117,0.09,0.027,0.169,0.093,0.076,0.053,0.09,-0.037,0.162,0.079,0.139
language,23,language_23_D5120,0.108,0.082,0.026,0.217,0.12,0.097,0.047,0.06,-0.013,0.143,0.11,0.094
language,24,language_24_D5120,0.097,0.073,0.024,0.335,0.219,0.116,0.058,0.04,0.018,0.142,0.216,0.07
language,25,language_25_D5120,0.074,0.091,-0.017,0.401,0.267,0.134,0.068,0.068,-0,0.236,0.299,0.186
language,26,language_26_D5120,0.059,0.072,-0.013,0.567,0.374,0.193,0.132,0.07,0.062,0.182,0.361,0.138
language,27,language_27_D5120,0.038,0.066,-0.028,0.652,0.415,0.237,0.245,0.101,0.143,0.118,0.39,0.106
language,28,language_28_D5120,0.041,0.082,-0.041,0.558,0.437,0.121,0.266,0.141,0.124,0.081,0.356,0.093
language,29,language_29_D5120,0.064,0.034,0.03,0.498,0.363,0.135,0.272,0.114,0.158,0.034,0.294,0.085
language,30,language_30_D5120,0.109,0.037,0.072,0.534,0.371,0.163,0.267,0.107,0.16,0.047,0.326,0.087
language,31,language_31_D5120,0.098,0.042,0.056,0.584,0.384,0.2,0.249,0.099,0.15,0.054,0.36,0.096
language,32,language_32_D5120,0.129,0.058,0.071,0.573,0.363,0.209,0.129,0.077,0.052,0.093,0.327,0.079
language,33,language_33_D5120,0.237,0.149,0.088,0.619,0.377,0.242,0.155,0.084,0.071,0.169,0.375,0.097
language,34,language_34_D5120,0.287,0.178,0.109,0.691,0.431,0.26,0.194,0.093,0.101,0.2,0.432,0.105
language,35,language_35_D5120,0.358,0.23,0.128,0.73,0.444,0.286,0.203,0.095,0.108,0.254,0.463,0.105
language,36,language_36_D5120,0.42,0.247,0.173,0.771,0.452,0.318,0.246,0.105,0.142,0.285,0.495,0.118
language,37,language_37_D5120,0.438,0.25,0.188,0.79,0.469,0.322,0.236,0.103,0.133,0.285,0.515,0.118
language,38,language_38_D5120,0.474,0.281,0.193,0.8,0.471,0.329,0.241,0.1,0.141,0.312,0.512,0.116
language,39,language_39_D5120,0.515,0.262,0.252,0.84,0.506,0.334,0.297,0.118,0.179,0.304,0.551,0.138
language,40,language_40_D5120,0.524,0.253,0.272,0.848,0.508,0.34,0.328,0.126,0.202,0.303,0.56,0.146
language,41,language_41_D5120,0.552,0.261,0.291,0.856,0.512,0.345,0.33,0.129,0.201,0.315,0.564,0.15
language,42,language_42_D5120,0.556,0.266,0.29,0.863,0.52,0.343,0.341,0.135,0.206,0.326,0.578,0.157
language,43,language_43_D5120,0.588,0.26,0.328,0.873,0.529,0.344,0.375,0.14,0.234,0.332,0.587,0.163
language,44,language_44_D5120,0.624,0.275,0.349,0.886,0.547,0.339,0.405,0.153,0.252,0.349,0.604,0.177
language,45,language_45_D5120,0.623,0.274,0.348,0.889,0.554,0.334,0.409,0.154,0.255,0.344,0.612,0.179
language,46,language_46_D5120,0.631,0.268,0.363,0.888,0.555,0.332,0.435,0.16,0.276,0.342,0.613,0.183
language,47,language_47_D5120,0.654,0.399,0.255,0.838,0.563,0.275,0.58,0.352,0.228,0.494,0.639,0.471
