task,dataset,scale_min,scale_max,attack,epsilon,n,clean_mean,perturbed_mean,mean_signed_shift,mean_abs_shift,normalized_signed_shift,pct_up,pct_unchanged,pct_down,wasserstein,n_total_rows,n_parse_ok,clean_label_counts,perturbed_label_counts,epsilon_fraction_of_pixel_range
shopping_relevance,Marqo/marqo-GS-10M,1,5,excited_vs_angry,0.1,300,3.95667,3.92,-0.0366667,0.216667,-0.00916667,0.07,0.83,0.1,0.0366667,300,300,"{""1"": 13, ""2"": 34, ""3"": 8, ""4"": 143, ""5"": 102}","{""1"": 13, ""2"": 36, ""3"": 6, ""4"": 152, ""5"": 93}",0.05
shopping_relevance,Marqo/marqo-GS-10M,1,5,excited_vs_angry,0.5,300,3.95667,3.91333,-0.0433333,0.463333,-0.0108333,0.15,0.683333,0.166667,0.0566667,300,300,"{""1"": 13, ""2"": 34, ""3"": 8, ""4"": 143, ""5"": 102}","{""1"": 21, ""2"": 29, ""3"": 3, ""4"": 149, ""5"": 98}",0.25
shopping_relevance,Marqo/marqo-GS-10M,1,5,excited_vs_angry,1,300,3.95667,3.7,-0.256667,0.783333,-0.0641667,0.17,0.543333,0.286667,0.256667,300,300,"{""1"": 13, ""2"": 34, ""3"": 8, ""4"": 143, ""5"": 102}","{""1"": 42, ""2"": 21, ""3"": 0, ""4"": 159, ""5"": 78}",0.5
shopping_relevance,Marqo/marqo-GS-10M,1,5,excited_vs_angry,2,300,3.95667,2.11,-1.84667,2.16,-0.461667,0.0833333,0.173333,0.743333,1.84667,300,300,"{""1"": 13, ""2"": 34, ""3"": 8, ""4"": 143, ""5"": 102}","{""1"": 181, ""2"": 18, ""3"": 0, ""4"": 89, ""5"": 12}",1
shopping_relevance,Marqo/marqo-GS-10M,1,5,interest,0.1,300,3.95667,3.90667,-0.05,0.216667,-0.0125,0.0633333,0.82,0.116667,0.05,300,300,"{""1"": 13, ""2"": 34, ""3"": 8, ""4"": 143, ""5"": 102}","{""1"": 16, ""2"": 33, ""3"": 10, ""4"": 145, ""5"": 96}",0.05
shopping_relevance,Marqo/marqo-GS-10M,1,5,interest,0.5,300,3.95667,3.86333,-0.0933333,0.466667,-0.0233333,0.136667,0.693333,0.17,0.0933333,300,300,"{""1"": 13, ""2"": 34, ""3"": 8, ""4"": 143, ""5"": 102}","{""1"": 25, ""2"": 28, ""3"": 3, ""4"": 151, ""5"": 93}",0.25
shopping_relevance,Marqo/marqo-GS-10M,1,5,interest,1,300,3.95667,3.55667,-0.4,0.853333,-0.1,0.143333,0.523333,0.333333,0.4,300,300,"{""1"": 13, ""2"": 34, ""3"": 8, ""4"": 143, ""5"": 102}","{""1"": 46, ""2"": 30, ""3"": 1, ""4"": 157, ""5"": 66}",0.5
shopping_relevance,Marqo/marqo-GS-10M,1,5,interest,2,300,3.95667,1.76667,-2.19,2.44333,-0.5475,0.0666667,0.16,0.773333,2.19,300,300,"{""1"": 13, ""2"": 34, ""3"": 8, ""4"": 143, ""5"": 102}","{""1"": 220, ""2"": 9, ""3"": 0, ""4"": 63, ""5"": 8}",1
shopping_relevance,Marqo/marqo-GS-10M,1,5,workload,0.1,300,3.95667,3.92667,-0.03,0.23,-0.0075,0.0733333,0.83,0.0966667,0.0366667,300,300,"{""1"": 13, ""2"": 34, ""3"": 8, ""4"": 143, ""5"": 102}","{""1"": 16, ""2"": 32, ""3"": 6, ""4"": 150, ""5"": 96}",0.05
shopping_relevance,Marqo/marqo-GS-10M,1,5,workload,0.5,300,3.95667,3.7,-0.256667,0.523333,-0.0641667,0.103333,0.663333,0.233333,0.256667,300,300,"{""1"": 13, ""2"": 34, ""3"": 8, ""4"": 143, ""5"": 102}","{""1"": 33, ""2"": 34, ""3"": 5, ""4"": 146, ""5"": 82}",0.25
shopping_relevance,Marqo/marqo-GS-10M,1,5,workload,1,300,3.95667,3.49333,-0.463333,1.00333,-0.115833,0.17,0.5,0.33,0.463333,300,300,"{""1"": 13, ""2"": 34, ""3"": 8, ""4"": 143, ""5"": 102}","{""1"": 59, ""2"": 21, ""3"": 3, ""4"": 147, ""5"": 70}",0.5
shopping_relevance,Marqo/marqo-GS-10M,1,5,workload,2,300,3.95667,2.3,-1.65667,2.04333,-0.414167,0.103333,0.23,0.666667,1.65667,300,300,"{""1"": 13, ""2"": 34, ""3"": 8, ""4"": 143, ""5"": 102}","{""1"": 167, ""2"": 15, ""3"": 0, ""4"": 97, ""5"": 21}",1
moral_evaluation,AIML-TUDA/smid (SMID),1,5,excited_vs_angry,0.1,274,3.30657,3.31387,0.00729927,0.226277,0.00182482,0.080292,0.835766,0.0839416,0.0364964,274,274,"{""1"": 40, ""2"": 10, ""3"": 113, ""4"": 48, ""5"": 63}","{""1"": 38, ""2"": 10, ""3"": 119, ""4"": 42, ""5"": 65}",0.05
moral_evaluation,AIML-TUDA/smid (SMID),1,5,excited_vs_angry,0.5,274,3.30657,3.35766,0.0510949,0.664234,0.0127737,0.20073,0.609489,0.189781,0.160584,274,274,"{""1"": 40, ""2"": 10, ""3"": 113, ""4"": 48, ""5"": 63}","{""1"": 52, ""2"": 1, ""3"": 91, ""4"": 57, ""5"": 73}",0.25
moral_evaluation,AIML-TUDA/smid (SMID),1,5,excited_vs_angry,1,274,3.30657,3.03285,-0.273723,1.17883,-0.0684307,0.270073,0.368613,0.361314,0.346715,274,274,"{""1"": 40, ""2"": 10, ""3"": 113, ""4"": 48, ""5"": 63}","{""1"": 81, ""2"": 1, ""3"": 71, ""4"": 70, ""5"": 51}",0.5
moral_evaluation,AIML-TUDA/smid (SMID),1,5,excited_vs_angry,2,274,3.30657,4.12044,0.813869,1.20803,0.203467,0.594891,0.211679,0.193431,1.01095,274,274,"{""1"": 40, ""2"": 10, ""3"": 113, ""4"": 48, ""5"": 63}","{""1"": 0, ""2"": 0, ""3"": 3, ""4"": 235, ""5"": 36}",1
moral_evaluation,AIML-TUDA/smid (SMID),1,5,interest,0.1,274,3.30657,3.31752,0.0109489,0.237226,0.00273723,0.0839416,0.835766,0.080292,0.0328467,274,274,"{""1"": 40, ""2"": 10, ""3"": 113, ""4"": 48, ""5"": 63}","{""1"": 37, ""2"": 10, ""3"": 117, ""4"": 49, ""5"": 61}",0.05
moral_evaluation,AIML-TUDA/smid (SMID),1,5,interest,0.5,274,3.30657,3.4781,0.171533,0.675182,0.0428832,0.244526,0.59854,0.156934,0.20073,274,274,"{""1"": 40, ""2"": 10, ""3"": 113, ""4"": 48, ""5"": 63}","{""1"": 44, ""2"": 2, ""3"": 91, ""4"": 53, ""5"": 84}",0.25
moral_evaluation,AIML-TUDA/smid (SMID),1,5,interest,1,274,3.30657,2.21898,-1.08759,1.49635,-0.271898,0.113139,0.310219,0.576642,1.08759,274,274,"{""1"": 40, ""2"": 10, ""3"": 113, ""4"": 48, ""5"": 63}","{""1"": 125, ""2"": 6, ""3"": 111, ""4"": 22, ""5"": 10}",0.5
moral_evaluation,AIML-TUDA/smid (SMID),1,5,interest,2,274,3.30657,3.0146,-0.291971,1.0365,-0.0729927,0.20073,0.394161,0.405109,0.817518,274,274,"{""1"": 40, ""2"": 10, ""3"": 113, ""4"": 48, ""5"": 63}","{""1"": 9, ""2"": 0, ""3"": 253, ""4"": 2, ""5"": 10}",1
moral_evaluation,AIML-TUDA/smid (SMID),1,5,workload,0.1,274,3.30657,3.33212,0.0255474,0.237226,0.00638686,0.0912409,0.824818,0.0839416,0.0255474,274,274,"{""1"": 40, ""2"": 10, ""3"": 113, ""4"": 48, ""5"": 63}","{""1"": 37, ""2"": 12, ""3"": 113, ""4"": 47, ""5"": 65}",0.05
moral_evaluation,AIML-TUDA/smid (SMID),1,5,workload,0.5,274,3.30657,2.98175,-0.324818,0.726277,-0.0812044,0.120438,0.569343,0.310219,0.324818,274,274,"{""1"": 40, ""2"": 10, ""3"": 113, ""4"": 48, ""5"": 63}","{""1"": 65, ""2"": 10, ""3"": 110, ""4"": 43, ""5"": 46}",0.25
moral_evaluation,AIML-TUDA/smid (SMID),1,5,workload,1,274,3.30657,2.95985,-0.346715,0.99635,-0.0866788,0.189781,0.427007,0.383212,0.485401,274,274,"{""1"": 40, ""2"": 10, ""3"": 113, ""4"": 48, ""5"": 63}","{""1"": 35, ""2"": 1, ""3"": 202, ""4"": 12, ""5"": 24}",0.5
moral_evaluation,AIML-TUDA/smid (SMID),1,5,workload,2,274,3.30657,1.05839,-2.24818,2.24818,-0.562044,0,0.160584,0.839416,2.24818,274,274,"{""1"": 40, ""2"": 10, ""3"": 113, ""4"": 48, ""5"": 63}","{""1"": 266, ""2"": 0, ""3"": 8, ""4"": 0, ""5"": 0}",1
damage_severity,QCRI/MEDIC,0,2,excited_vs_angry,0.1,300,1.24333,1.22,-0.0233333,0.0833333,-0.0116667,0.03,0.923333,0.0466667,0.0366667,300,300,"{""0"": 88, ""1"": 51, ""2"": 161}","{""0"": 86, ""1"": 62, ""2"": 152}",0.05
damage_severity,QCRI/MEDIC,0,2,excited_vs_angry,0.5,300,1.24333,1.32333,0.08,0.346667,0.04,0.163333,0.73,0.106667,0.08,300,300,"{""0"": 88, ""1"": 51, ""2"": 161}","{""0"": 82, ""1"": 39, ""2"": 179}",0.25
damage_severity,QCRI/MEDIC,0,2,excited_vs_angry,1,300,1.24333,1.70667,0.463333,0.656667,0.231667,0.363333,0.563333,0.0733333,0.463333,300,300,"{""0"": 88, ""1"": 51, ""2"": 161}","{""0"": 26, ""1"": 36, ""2"": 238}",0.5
damage_severity,QCRI/MEDIC,0,2,excited_vs_angry,2,300,1.24333,0.0966667,-1.14667,1.24667,-0.573333,0.0366667,0.273333,0.69,1.14667,300,300,"{""0"": 88, ""1"": 51, ""2"": 161}","{""0"": 280, ""1"": 11, ""2"": 9}",1
damage_severity,QCRI/MEDIC,0,2,interest,0.1,300,1.24333,1.26,0.0166667,0.13,0.00833333,0.0666667,0.88,0.0533333,0.0433333,300,300,"{""0"": 88, ""1"": 51, ""2"": 161}","{""0"": 79, ""1"": 64, ""2"": 157}",0.05
damage_severity,QCRI/MEDIC,0,2,interest,0.5,300,1.24333,1.26667,0.0233333,0.303333,0.0116667,0.13,0.76,0.11,0.0366667,300,300,"{""0"": 88, ""1"": 51, ""2"": 161}","{""0"": 90, ""1"": 40, ""2"": 170}",0.25
damage_severity,QCRI/MEDIC,0,2,interest,1,300,1.24333,1.62667,0.383333,0.643333,0.191667,0.356667,0.536667,0.106667,0.383333,300,300,"{""0"": 88, ""1"": 51, ""2"": 161}","{""0"": 23, ""1"": 66, ""2"": 211}",0.5
damage_severity,QCRI/MEDIC,0,2,interest,2,300,1.24333,0.896667,-0.346667,0.986667,-0.173333,0.186667,0.42,0.393333,0.346667,300,300,"{""0"": 88, ""1"": 51, ""2"": 161}","{""0"": 165, ""1"": 1, ""2"": 134}",1
damage_severity,QCRI/MEDIC,0,2,workload,0.1,300,1.24333,1.24667,0.00333333,0.09,0.00166667,0.0433333,0.916667,0.04,0.01,300,300,"{""0"": 88, ""1"": 51, ""2"": 161}","{""0"": 86, ""1"": 54, ""2"": 160}",0.05
damage_severity,QCRI/MEDIC,0,2,workload,0.5,300,1.24333,1.61333,0.37,0.576667,0.185,0.33,0.576667,0.0933333,0.37,300,300,"{""0"": 88, ""1"": 51, ""2"": 161}","{""0"": 25, ""1"": 66, ""2"": 209}",0.25
damage_severity,QCRI/MEDIC,0,2,workload,1,300,1.24333,1.94,0.696667,0.743333,0.348333,0.45,0.533333,0.0166667,0.696667,300,300,"{""0"": 88, ""1"": 51, ""2"": 161}","{""0"": 5, ""1"": 8, ""2"": 287}",0.5
damage_severity,QCRI/MEDIC,0,2,workload,2,300,1.24333,2,0.756667,0.756667,0.378333,0.463333,0.536667,0,0.756667,300,300,"{""0"": 88, ""1"": 51, ""2"": 161}","{""0"": 0, ""1"": 0, ""2"": 300}",1
