attack,epsilon,n,corr_arousal_vs_delta_morality,p_arousal_vs_delta_morality,corr_arousal_vs_abs_delta_morality,p_arousal_vs_abs_delta_morality,epsilon_fraction_of_pixel_range
excited_vs_angry,0.1,274,0.0164306,0.786583,0.00823943,0.892007,0.05
excited_vs_angry,0.5,274,-0.214836,0.0003412,0.0582828,0.336472,0.25
excited_vs_angry,1,274,0.0820366,0.175729,-0.107314,0.0761684,0.5
excited_vs_angry,2,274,0.254815,1.96058e-05,0.156012,0.0096955,1
interest,0.1,274,0.0276932,0.648105,0.0733898,0.225935,0.05
interest,0.5,274,-0.1233,0.0414072,-0.0653814,0.280828,0.25
interest,1,274,0.116767,0.053531,-0.106003,0.0798463,0.5
interest,2,274,0.228216,0.000138528,0.0347396,0.566924,1
workload,0.1,274,0.0328515,0.588198,0.00414075,0.945604,0.05
workload,0.5,274,-0.0248828,0.681758,0.00854711,0.888,0.25
workload,1,274,0.133139,0.0275538,0.0289886,0.632826,0.5
workload,2,274,0.238573,6.6413e-05,-0.238573,6.6413e-05,1
