task,attack,epsilon,n,signed_shift,signed_shift_ci_low,signed_shift_ci_high,signed_shift_nonzero,mean_abs_shift,share_up,share_down,share_changed,dominant_direction,dominant_direction_share_of_changes,share_mentioning_degradation,n_not_mentioning_degradation,signed_shift_not_mentioning,signed_shift_not_mentioning_ci_low,signed_shift_not_mentioning_ci_high
shopping_relevance,excited_vs_angry,0.1,300,-0.00916667,-0.025,0.00666667,False,0.0541667,0.07,0.1,0.17,down,0.588235,0,300,-0.00916667,-0.0258333,0.00585417
shopping_relevance,excited_vs_angry,0.5,300,-0.0108333,-0.0366667,0.015,False,0.115833,0.15,0.166667,0.316667,down,0.526316,0,300,-0.0108333,-0.0366667,0.0141667
shopping_relevance,excited_vs_angry,1,300,-0.0641667,-0.100854,-0.0275,True,0.195833,0.17,0.286667,0.456667,down,0.627737,0.00333333,299,-0.0643813,-0.102843,-0.0292642
shopping_relevance,excited_vs_angry,2,300,-0.461667,-0.514167,-0.41,True,0.54,0.0833333,0.743333,0.826667,down,0.899194,0.01,297,-0.459596,-0.512626,-0.408249
shopping_relevance,interest,0.1,300,-0.0125,-0.0283333,0.0025,False,0.0541667,0.0633333,0.116667,0.18,down,0.648148,0,300,-0.0125,-0.0283333,0.00333333
shopping_relevance,interest,0.5,300,-0.0233333,-0.05,0.00416667,False,0.116667,0.136667,0.17,0.306667,down,0.554348,0,300,-0.0233333,-0.0508333,0.00416667
shopping_relevance,interest,1,300,-0.1,-0.138333,-0.0616667,True,0.213333,0.143333,0.333333,0.476667,down,0.699301,0.00333333,299,-0.0978261,-0.137124,-0.0610368
shopping_relevance,interest,2,300,-0.5475,-0.595854,-0.4975,True,0.610833,0.0666667,0.773333,0.84,down,0.920635,0,300,-0.5475,-0.595833,-0.495833
shopping_relevance,workload,0.1,300,-0.0075,-0.0241667,0.00916667,False,0.0575,0.0733333,0.0966667,0.17,down,0.568627,0,300,-0.0075,-0.025,0.01
shopping_relevance,workload,0.5,300,-0.0641667,-0.0925,-0.0374792,True,0.130833,0.103333,0.233333,0.336667,down,0.693069,0.00333333,299,-0.0643813,-0.0919941,-0.0376254
shopping_relevance,workload,1,300,-0.115833,-0.158333,-0.0741667,True,0.250833,0.17,0.33,0.5,down,0.66,0.0866667,274,-0.0666058,-0.108577,-0.0255474
shopping_relevance,workload,2,300,-0.414167,-0.4675,-0.36,True,0.510833,0.103333,0.666667,0.77,down,0.865801,0.48,156,-0.195513,-0.267628,-0.123397
moral_evaluation,excited_vs_angry,0.1,274,0.00182482,-0.0155109,0.020073,False,0.0565693,0.080292,0.0839416,0.164234,down,0.511111,0.0145985,270,0.00277778,-0.0148148,0.0203704
moral_evaluation,excited_vs_angry,0.5,274,0.0127737,-0.0209854,0.0474453,False,0.166058,0.20073,0.189781,0.390511,up,0.514019,0.0218978,268,0.0186567,-0.0149254,0.0522388
moral_evaluation,excited_vs_angry,1,274,-0.0684307,-0.116788,-0.0218978,True,0.294708,0.270073,0.361314,0.631387,down,0.572254,0.0510949,260,-0.0653846,-0.1125,-0.0182692
moral_evaluation,excited_vs_angry,2,274,0.203467,0.165123,0.244526,True,0.302007,0.594891,0.193431,0.788321,up,0.75463,0.00729927,272,0.206801,0.167279,0.246324
moral_evaluation,interest,0.1,274,0.00273723,-0.0164234,0.0218978,False,0.0593066,0.0839416,0.080292,0.164234,up,0.511111,0.00364964,273,0.003663,-0.014652,0.021978
moral_evaluation,interest,0.5,274,0.0428832,0.00912409,0.0766423,True,0.168796,0.244526,0.156934,0.40146,up,0.609091,0.0145985,270,0.0453704,0.0111111,0.0787037
moral_evaluation,interest,1,274,-0.271898,-0.320255,-0.22354,True,0.374088,0.113139,0.576642,0.689781,down,0.835979,0.138686,236,-0.241525,-0.291314,-0.188559
moral_evaluation,interest,2,274,-0.0729927,-0.114051,-0.0328467,True,0.259124,0.20073,0.405109,0.605839,down,0.668675,0.105839,245,-0.0653061,-0.109209,-0.0214286
moral_evaluation,workload,0.1,274,0.00638686,-0.0109489,0.0237226,False,0.0593066,0.0912409,0.0839416,0.175182,up,0.520833,0.00729927,272,0.00735294,-0.0101103,0.0238971
moral_evaluation,workload,0.5,274,-0.0812044,-0.114964,-0.0483349,True,0.181569,0.120438,0.310219,0.430657,down,0.720339,0.0766423,253,-0.0810277,-0.115613,-0.0474308
moral_evaluation,workload,1,274,-0.0866788,-0.126825,-0.0456204,True,0.249088,0.189781,0.383212,0.572993,down,0.66879,0.635036,100,-0.09,-0.1575,-0.0275
moral_evaluation,workload,2,274,-0.562044,-0.599453,-0.523723,True,0.562044,0,0.839416,0.839416,down,1,0.894161,29,-0.594828,-0.715517,-0.465517
damage_severity,excited_vs_angry,0.1,300,-0.0116667,-0.03,0.005,False,0.0416667,0.03,0.0466667,0.0766667,down,0.608696,0.0266667,292,-0.0188356,-0.0359589,-0.00342466
damage_severity,excited_vs_angry,0.5,300,0.04,0,0.0816667,False,0.173333,0.163333,0.106667,0.27,up,0.604938,0.0433333,287,0.0156794,-0.0243902,0.054007
damage_severity,excited_vs_angry,1,300,0.231667,0.178292,0.283333,True,0.328333,0.363333,0.0733333,0.436667,up,0.832061,0.2,240,0.164583,0.108333,0.222917
damage_severity,excited_vs_angry,2,300,-0.573333,-0.626667,-0.518333,True,0.623333,0.0366667,0.69,0.726667,down,0.949541,0.0233333,293,-0.585324,-0.639932,-0.52901
damage_severity,interest,0.1,300,0.00833333,-0.0133333,0.03,False,0.065,0.0666667,0.0533333,0.12,up,0.555556,0.0266667,292,0,-0.0205479,0.0222603
damage_severity,interest,0.5,300,0.0116667,-0.0266667,0.0483333,False,0.151667,0.13,0.11,0.24,up,0.541667,0.0466667,286,-0.0104895,-0.0454545,0.0262238
damage_severity,interest,1,300,0.191667,0.14,0.245,True,0.321667,0.356667,0.106667,0.463333,up,0.769784,0.18,246,0.130081,0.0731707,0.184959
damage_severity,interest,2,300,-0.173333,-0.245,-0.101667,True,0.493333,0.186667,0.393333,0.58,down,0.678161,0.676667,97,-0.525773,-0.628866,-0.422552
damage_severity,workload,0.1,300,0.00166667,-0.0166667,0.02,False,0.045,0.0433333,0.04,0.0833333,up,0.52,0.0233333,293,-0.00341297,-0.0204778,0.0136519
damage_severity,workload,0.5,300,0.185,0.138333,0.235,True,0.288333,0.33,0.0933333,0.423333,up,0.779528,0.333333,200,0.01,-0.0275,0.05
damage_severity,workload,1,300,0.348333,0.298333,0.398375,True,0.371667,0.45,0.0166667,0.466667,up,0.964286,0.763333,71,0.0492958,-0.028169,0.126761
damage_severity,workload,2,300,0.378333,0.328333,0.428333,True,0.378333,0.463333,0,0.463333,up,1,0.99,3,0.5,0,1
