target,layer,epsilon,epoch,mean_cos_train,epsilon_fraction_of_pixel_range
interest,language_29,0.1,1,0.0970959,0.05
interest,language_29,0.1,2,0.0961864,0.05
interest,language_29,0.1,3,0.094614,0.05
interest,language_29,0.1,4,0.0944287,0.05
interest,language_29,0.1,5,0.0941703,0.05
interest,language_29,0.1,6,0.0941024,0.05
interest,language_29,0.1,7,0.0930253,0.05
interest,language_29,0.1,8,0.093269,0.05
interest,language_29,0.1,9,0.0929682,0.05
interest,language_29,0.1,10,0.092562,0.05
interest,language_29,0.1,11,0.0926367,0.05
interest,language_29,0.1,12,0.0928217,0.05
interest,language_29,0.1,13,0.0916582,0.05
interest,language_29,0.1,14,0.0921588,0.05
interest,language_29,0.1,15,0.0918957,0.05
interest,language_29,0.1,16,0.0915198,0.05
interest,language_29,0.1,17,0.0921774,0.05
interest,language_29,0.1,18,0.0918361,0.05
interest,language_29,0.1,19,0.0916221,0.05
interest,language_29,0.1,20,0.0922794,0.05
interest,language_29,0.5,1,0.0970959,0.25
interest,language_29,0.5,2,0.0873915,0.25
interest,language_29,0.5,3,0.0850973,0.25
interest,language_29,0.5,4,0.0854483,0.25
interest,language_29,0.5,5,0.08562,0.25
interest,language_29,0.5,6,0.0888901,0.25
interest,language_29,0.5,7,0.087279,0.25
interest,language_29,0.5,8,0.0889545,0.25
interest,language_29,0.5,9,0.0935261,0.25
interest,language_29,0.5,10,0.0932342,0.25
interest,language_29,0.5,11,0.0929768,0.25
interest,language_29,0.5,12,0.0978617,0.25
interest,language_29,0.5,13,0.100893,0.25
interest,language_29,0.5,14,0.104013,0.25
interest,language_29,0.5,15,0.101989,0.25
interest,language_29,0.5,16,0.103219,0.25
interest,language_29,0.5,17,0.104981,0.25
interest,language_29,0.5,18,0.107382,0.25
interest,language_29,0.5,19,0.108959,0.25
interest,language_29,0.5,20,0.107638,0.25
interest,language_29,1,1,0.0970959,0.5
interest,language_29,1,2,0.078791,0.5
interest,language_29,1,3,0.0792709,0.5
interest,language_29,1,4,0.0856619,0.5
interest,language_29,1,5,0.0940339,0.5
interest,language_29,1,6,0.0980573,0.5
interest,language_29,1,7,0.100785,0.5
interest,language_29,1,8,0.105739,0.5
interest,language_29,1,9,0.106911,0.5
interest,language_29,1,10,0.112176,0.5
interest,language_29,1,11,0.109372,0.5
interest,language_29,1,12,0.110823,0.5
interest,language_29,1,13,0.11297,0.5
interest,language_29,1,14,0.119112,0.5
interest,language_29,1,15,0.124198,0.5
interest,language_29,1,16,0.128672,0.5
interest,language_29,1,17,0.134586,0.5
interest,language_29,1,18,0.132691,0.5
interest,language_29,1,19,0.148267,0.5
interest,language_29,1,20,0.142768,0.5
interest,language_29,2,1,0.0970959,1
interest,language_29,2,2,0.0712014,1
interest,language_29,2,3,0.079149,1
interest,language_29,2,4,0.0899007,1
interest,language_29,2,5,0.0936442,1
interest,language_29,2,6,0.0999882,1
interest,language_29,2,7,0.101929,1
interest,language_29,2,8,0.112895,1
interest,language_29,2,9,0.126937,1
interest,language_29,2,10,0.136407,1
interest,language_29,2,11,0.150691,1
interest,language_29,2,12,0.181195,1
interest,language_29,2,13,0.197742,1
interest,language_29,2,14,0.21626,1
interest,language_29,2,15,0.22431,1
interest,language_29,2,16,0.240518,1
interest,language_29,2,17,0.250482,1
interest,language_29,2,18,0.258037,1
interest,language_29,2,19,0.264127,1
interest,language_29,2,20,0.273808,1
excited_vs_angry,language_29,0.1,1,0.15133,0.05
excited_vs_angry,language_29,0.1,2,0.1504,0.05
excited_vs_angry,language_29,0.1,3,0.149817,0.05
excited_vs_angry,language_29,0.1,4,0.149718,0.05
excited_vs_angry,language_29,0.1,5,0.149643,0.05
excited_vs_angry,language_29,0.1,6,0.149096,0.05
excited_vs_angry,language_29,0.1,7,0.147915,0.05
excited_vs_angry,language_29,0.1,8,0.148424,0.05
excited_vs_angry,language_29,0.1,9,0.148045,0.05
excited_vs_angry,language_29,0.1,10,0.1479,0.05
excited_vs_angry,language_29,0.1,11,0.147965,0.05
excited_vs_angry,language_29,0.1,12,0.147918,0.05
excited_vs_angry,language_29,0.1,13,0.148218,0.05
excited_vs_angry,language_29,0.1,14,0.147955,0.05
excited_vs_angry,language_29,0.1,15,0.147776,0.05
excited_vs_angry,language_29,0.1,16,0.147972,0.05
excited_vs_angry,language_29,0.1,17,0.147645,0.05
excited_vs_angry,language_29,0.1,18,0.147861,0.05
excited_vs_angry,language_29,0.1,19,0.147599,0.05
excited_vs_angry,language_29,0.1,20,0.147925,0.05
excited_vs_angry,language_29,0.5,1,0.15133,0.25
excited_vs_angry,language_29,0.5,2,0.144358,0.25
excited_vs_angry,language_29,0.5,3,0.142876,0.25
excited_vs_angry,language_29,0.5,4,0.144176,0.25
excited_vs_angry,language_29,0.5,5,0.145388,0.25
excited_vs_angry,language_29,0.5,6,0.147546,0.25
excited_vs_angry,language_29,0.5,7,0.152437,0.25
excited_vs_angry,language_29,0.5,8,0.15438,0.25
excited_vs_angry,language_29,0.5,9,0.153842,0.25
excited_vs_angry,language_29,0.5,10,0.15932,0.25
excited_vs_angry,language_29,0.5,11,0.16144,0.25
excited_vs_angry,language_29,0.5,12,0.164833,0.25
excited_vs_angry,language_29,0.5,13,0.164356,0.25
excited_vs_angry,language_29,0.5,14,0.167735,0.25
excited_vs_angry,language_29,0.5,15,0.169113,0.25
excited_vs_angry,language_29,0.5,16,0.169107,0.25
excited_vs_angry,language_29,0.5,17,0.16935,0.25
excited_vs_angry,language_29,0.5,18,0.169997,0.25
excited_vs_angry,language_29,0.5,19,0.171454,0.25
excited_vs_angry,language_29,0.5,20,0.171515,0.25
excited_vs_angry,language_29,1,1,0.15133,0.5
excited_vs_angry,language_29,1,2,0.138849,0.5
excited_vs_angry,language_29,1,3,0.141153,0.5
excited_vs_angry,language_29,1,4,0.148538,0.5
excited_vs_angry,language_29,1,5,0.153917,0.5
excited_vs_angry,language_29,1,6,0.161355,0.5
excited_vs_angry,language_29,1,7,0.165003,0.5
excited_vs_angry,language_29,1,8,0.16258,0.5
excited_vs_angry,language_29,1,9,0.164941,0.5
excited_vs_angry,language_29,1,10,0.169045,0.5
excited_vs_angry,language_29,1,11,0.172226,0.5
excited_vs_angry,language_29,1,12,0.174526,0.5
excited_vs_angry,language_29,1,13,0.173509,0.5
excited_vs_angry,language_29,1,14,0.176439,0.5
excited_vs_angry,language_29,1,15,0.17532,0.5
excited_vs_angry,language_29,1,16,0.175619,0.5
excited_vs_angry,language_29,1,17,0.176889,0.5
excited_vs_angry,language_29,1,18,0.178487,0.5
excited_vs_angry,language_29,1,19,0.181059,0.5
excited_vs_angry,language_29,1,20,0.184269,0.5
excited_vs_angry,language_29,2,1,0.15133,1
excited_vs_angry,language_29,2,2,0.133806,1
excited_vs_angry,language_29,2,3,0.138573,1
excited_vs_angry,language_29,2,4,0.14137,1
excited_vs_angry,language_29,2,5,0.152534,1
excited_vs_angry,language_29,2,6,0.165262,1
excited_vs_angry,language_29,2,7,0.166781,1
excited_vs_angry,language_29,2,8,0.172183,1
excited_vs_angry,language_29,2,9,0.171676,1
excited_vs_angry,language_29,2,10,0.171978,1
excited_vs_angry,language_29,2,11,0.178994,1
excited_vs_angry,language_29,2,12,0.176137,1
excited_vs_angry,language_29,2,13,0.184957,1
excited_vs_angry,language_29,2,14,0.185855,1
excited_vs_angry,language_29,2,15,0.18989,1
excited_vs_angry,language_29,2,16,0.205635,1
excited_vs_angry,language_29,2,17,0.210645,1
excited_vs_angry,language_29,2,18,0.224232,1
excited_vs_angry,language_29,2,19,0.228718,1
excited_vs_angry,language_29,2,20,0.236834,1
workload,language_29,0.1,1,-0.116131,0.05
workload,language_29,0.1,2,-0.115524,0.05
workload,language_29,0.1,3,-0.115121,0.05
workload,language_29,0.1,4,-0.114463,0.05
workload,language_29,0.1,5,-0.11428,0.05
workload,language_29,0.1,6,-0.113778,0.05
workload,language_29,0.1,7,-0.113288,0.05
workload,language_29,0.1,8,-0.112943,0.05
workload,language_29,0.1,9,-0.113199,0.05
workload,language_29,0.1,10,-0.112551,0.05
workload,language_29,0.1,11,-0.112648,0.05
workload,language_29,0.1,12,-0.112336,0.05
workload,language_29,0.1,13,-0.112297,0.05
workload,language_29,0.1,14,-0.111742,0.05
workload,language_29,0.1,15,-0.11122,0.05
workload,language_29,0.1,16,-0.111493,0.05
workload,language_29,0.1,17,-0.111565,0.05
workload,language_29,0.1,18,-0.111687,0.05
workload,language_29,0.1,19,-0.112271,0.05
workload,language_29,0.1,20,-0.111811,0.05
workload,language_29,0.5,1,-0.116131,0.25
workload,language_29,0.5,2,-0.113733,0.25
workload,language_29,0.5,3,-0.110661,0.25
workload,language_29,0.5,4,-0.109955,0.25
workload,language_29,0.5,5,-0.107532,0.25
workload,language_29,0.5,6,-0.106903,0.25
workload,language_29,0.5,7,-0.110589,0.25
workload,language_29,0.5,8,-0.104853,0.25
workload,language_29,0.5,9,-0.103578,0.25
workload,language_29,0.5,10,-0.101709,0.25
workload,language_29,0.5,11,-0.0992147,0.25
workload,language_29,0.5,12,-0.0958606,0.25
workload,language_29,0.5,13,-0.0946395,0.25
workload,language_29,0.5,14,-0.094941,0.25
workload,language_29,0.5,15,-0.0954719,0.25
workload,language_29,0.5,16,-0.0906106,0.25
workload,language_29,0.5,17,-0.0932466,0.25
workload,language_29,0.5,18,-0.0846624,0.25
workload,language_29,0.5,19,-0.0835517,0.25
workload,language_29,0.5,20,-0.0840277,0.25
workload,language_29,1,1,-0.116131,0.5
workload,language_29,1,2,-0.113081,0.5
workload,language_29,1,3,-0.108671,0.5
workload,language_29,1,4,-0.105249,0.5
workload,language_29,1,5,-0.102626,0.5
workload,language_29,1,6,-0.0993263,0.5
workload,language_29,1,7,-0.0954768,0.5
workload,language_29,1,8,-0.0906069,0.5
workload,language_29,1,9,-0.0860149,0.5
workload,language_29,1,10,-0.0829766,0.5
workload,language_29,1,11,-0.0803761,0.5
workload,language_29,1,12,-0.0792285,0.5
workload,language_29,1,13,-0.0757657,0.5
workload,language_29,1,14,-0.0825172,0.5
workload,language_29,1,15,-0.0759304,0.5
workload,language_29,1,16,-0.0742374,0.5
workload,language_29,1,17,-0.0706279,0.5
workload,language_29,1,18,-0.0666707,0.5
workload,language_29,1,19,-0.0665978,0.5
workload,language_29,1,20,-0.0651347,0.5
workload,language_29,2,1,-0.116131,1
workload,language_29,2,2,-0.109234,1
workload,language_29,2,3,-0.105775,1
workload,language_29,2,4,-0.0940706,1
workload,language_29,2,5,-0.0944964,1
workload,language_29,2,6,-0.0819702,1
workload,language_29,2,7,-0.0731259,1
workload,language_29,2,8,-0.0705158,1
workload,language_29,2,9,-0.0673436,1
workload,language_29,2,10,-0.0646343,1
workload,language_29,2,11,-0.0635492,1
workload,language_29,2,12,-0.0595408,1
workload,language_29,2,13,-0.0510276,1
workload,language_29,2,14,-0.0459872,1
workload,language_29,2,15,-0.0474733,1
workload,language_29,2,16,-0.0459682,1
workload,language_29,2,17,-0.0420959,1
workload,language_29,2,18,-0.0386935,1
workload,language_29,2,19,-0.0337097,1
workload,language_29,2,20,-0.0356301,1
workload_language24,language_24,0.1,1,-0.148415,0.05
workload_language24,language_24,0.1,2,-0.148404,0.05
workload_language24,language_24,0.1,3,-0.148192,0.05
workload_language24,language_24,0.1,4,-0.148119,0.05
workload_language24,language_24,0.1,5,-0.148288,0.05
workload_language24,language_24,0.1,6,-0.148255,0.05
workload_language24,language_24,0.1,7,-0.14836,0.05
workload_language24,language_24,0.1,8,-0.148314,0.05
workload_language24,language_24,0.1,9,-0.148144,0.05
workload_language24,language_24,0.1,10,-0.148169,0.05
workload_language24,language_24,0.1,11,-0.148043,0.05
workload_language24,language_24,0.1,12,-0.147917,0.05
workload_language24,language_24,0.1,13,-0.14795,0.05
workload_language24,language_24,0.1,14,-0.147969,0.05
workload_language24,language_24,0.1,15,-0.147801,0.05
workload_language24,language_24,0.1,16,-0.147705,0.05
workload_language24,language_24,0.1,17,-0.147562,0.05
workload_language24,language_24,0.1,18,-0.147259,0.05
workload_language24,language_24,0.1,19,-0.146962,0.05
workload_language24,language_24,0.1,20,-0.146683,0.05
workload_language24,language_24,0.5,1,-0.148415,0.25
workload_language24,language_24,0.5,2,-0.14951,0.25
workload_language24,language_24,0.5,3,-0.149509,0.25
workload_language24,language_24,0.5,4,-0.148562,0.25
workload_language24,language_24,0.5,5,-0.147954,0.25
workload_language24,language_24,0.5,6,-0.147321,0.25
workload_language24,language_24,0.5,7,-0.146237,0.25
workload_language24,language_24,0.5,8,-0.146232,0.25
workload_language24,language_24,0.5,9,-0.145566,0.25
workload_language24,language_24,0.5,10,-0.145116,0.25
workload_language24,language_24,0.5,11,-0.144341,0.25
workload_language24,language_24,0.5,12,-0.143059,0.25
workload_language24,language_24,0.5,13,-0.142088,0.25
workload_language24,language_24,0.5,14,-0.140435,0.25
workload_language24,language_24,0.5,15,-0.139053,0.25
workload_language24,language_24,0.5,16,-0.138051,0.25
workload_language24,language_24,0.5,17,-0.134587,0.25
workload_language24,language_24,0.5,18,-0.135119,0.25
workload_language24,language_24,0.5,19,-0.13326,0.25
workload_language24,language_24,0.5,20,-0.131589,0.25
workload_language24,language_24,1,1,-0.148415,0.5
workload_language24,language_24,1,2,-0.150501,0.5
workload_language24,language_24,1,3,-0.149591,0.5
workload_language24,language_24,1,4,-0.148591,0.5
workload_language24,language_24,1,5,-0.147942,0.5
workload_language24,language_24,1,6,-0.147163,0.5
workload_language24,language_24,1,7,-0.146896,0.5
workload_language24,language_24,1,8,-0.146469,0.5
workload_language24,language_24,1,9,-0.145692,0.5
workload_language24,language_24,1,10,-0.145346,0.5
workload_language24,language_24,1,11,-0.142697,0.5
workload_language24,language_24,1,12,-0.14118,0.5
workload_language24,language_24,1,13,-0.139359,0.5
workload_language24,language_24,1,14,-0.138489,0.5
workload_language24,language_24,1,15,-0.135731,0.5
workload_language24,language_24,1,16,-0.133104,0.5
workload_language24,language_24,1,17,-0.132189,0.5
workload_language24,language_24,1,18,-0.129102,0.5
workload_language24,language_24,1,19,-0.127322,0.5
workload_language24,language_24,1,20,-0.126839,0.5
workload_language24,language_24,2,1,-0.148415,1
workload_language24,language_24,2,2,-0.150346,1
workload_language24,language_24,2,3,-0.148498,1
workload_language24,language_24,2,4,-0.144944,1
workload_language24,language_24,2,5,-0.143306,1
workload_language24,language_24,2,6,-0.144131,1
workload_language24,language_24,2,7,-0.14038,1
workload_language24,language_24,2,8,-0.138863,1
workload_language24,language_24,2,9,-0.134317,1
workload_language24,language_24,2,10,-0.131271,1
workload_language24,language_24,2,11,-0.127891,1
workload_language24,language_24,2,12,-0.123379,1
workload_language24,language_24,2,13,-0.118999,1
workload_language24,language_24,2,14,-0.115994,1
workload_language24,language_24,2,15,-0.114497,1
workload_language24,language_24,2,16,-0.109601,1
workload_language24,language_24,2,17,-0.109459,1
workload_language24,language_24,2,18,-0.10426,1
workload_language24,language_24,2,19,-0.102017,1
workload_language24,language_24,2,20,-0.0985208,1
